{"stats":{"minecraft:picked_up":{"minecraft:jungle_log":1,"minecraft:wheat_seeds":3,"minecraft:porkchop":2,"minecraft:melon_slice":4},"minecraft:used":{"minecraft:jungle_planks":4,"minecraft:melon_slice":1},"minecraft:custom":{"minecraft:time_since_rest":1803,"minecraft:play_time":1803,"minecraft:sprint_one_cm":3454,"minecraft:damage_taken":20,"minecraft:walk_one_cm":3780,"minecraft:mob_kills":1,"minecraft:jump":64,"minecraft:damage_dealt":100,"minecraft:leave_game":1,"minecraft:time_since_death":1803,"minecraft:total_world_time":1803,"minecraft:fly_one_cm":13563,"minecraft:fall_one_cm":2494},"minecraft:crafted":{"minecraft:jungle_planks":4},"minecraft:killed":{"minecraft:pig":1},"minecraft:mined":{"minecraft:grass":14,"minecraft:melon":1,"minecraft:vine":1,"minecraft:jungle_log":1,"minecraft:fern":3}},"DataVersion":3463}